problemSize,BSP_convex_hull_on_4_processors,BSP_convex_hull_on_2_processors,convex_hull_by_gs,qhull
1024,0.0006996,0,0,0
2048,0.0015813,0,0,0
4096,0.0028341,0,0,0
8192,0.0048958,0,0,0
16384,0.0087331,0,0,0
32768,0.0160359,0,0,0
65536,0.0288334,0,0,0
131072,0.0531432,0,0,0
262144,0.1056704,0,0,0
