problemSize,sequential_graham_scan,BSP_convex_hull_on_2_processors,BSP_convex_hull_on_4_processors
1024,0.00212783,0.31162,0.31748
2048,0.00573334,0.352458,0.41529
4096,0.00924707,0.434887,0.634749
8192,0.019568,0.609657,1.04387
16384,0.0406997,0.949399,1.55213
32768,0.0854927,1.61448,2.71224
65536,0.179112,2.9732,5.18358
131072,0.374179,5.68974,9.98463
262144,0.774205,11.1161,19.7451
524288,1.72281,22.062,584.212
1048576,3.57246,391.527,821.957
